controller,action_nll,action_mse,jerk,planner_code_accuracy
vw2_hidden_mlp_action_head,-0.050021647359244525,0.08924666559323668,0.0067152310512028635,0.0
history_idm_gtcode,0.9929492361843586,0.15557768195867538,0.000007638773723783743,0.0
bc_vis,1.2376385247334838,0.18698771484196186,0.00000008826447156495831,0.0
bc_vis_proprio,0.7248346395790577,0.21352683962322772,0.000003681667042343406,0.0
pair_idm_gtcode,1.014280850533396,0.2393955439038109,0.00000023821688355241122,0.0
